title,note_count,summary,tags,date,url
matialonsorphoto-by-matialonsor,5679,by matialonsor,[],2017-11-12 14:48:03 GMT,https://tmblr.co/Z2DMYl2RwXf_-
lsleofskye-shining-through,7076,Shining Through,[],2017-11-12 14:34:02 GMT,https://tmblr.co/Z2DMYl2RwWEnB
lsleofskye-dawn-vigil,5391,Dawn Vigil,[],2017-11-12 14:20:02 GMT,https://tmblr.co/Z2DMYl2RwUpVJ
lsleofskye-untitled,13959,Untitled,[],2017-11-12 14:06:03 GMT,https://tmblr.co/Z2DMYl2RwTR9t
lsleofskye-ciervo-jose-manuel-gallardo,4627,CIERVO | jose manuel gallardo ferreiro,[],2017-11-12 13:52:03 GMT,https://tmblr.co/Z2DMYl2RwS7in
lsleofskye-senja-norway,3542,"Senja, Norway",[],2017-11-12 13:38:04 GMT,https://tmblr.co/Z2DMYl2RwQr_J
lsleofskye-medusa,7794,Medusa,[],2017-11-12 13:24:03 GMT,https://tmblr.co/Z2DMYl2RwPdLu
lsleofskye-sparks-lake,8384,Sparks Lake,[],2017-11-12 13:10:02 GMT,https://tmblr.co/Z2DMYl2RwOT0T
lsleofskye-ubud-village-bali-craighowes,4670,Ubud Village Bali | craighowes,[],2017-11-12 12:56:02 GMT,https://tmblr.co/Z2DMYl2RwNEj8
lsleofskye-three-peaks-of-lavaredo-in-the,3906,Three peaks of Lavaredo in the mirror | Stefano Crea,[],2017-11-12 12:42:02 GMT,https://tmblr.co/Z2DMYl2RwMCbQ
lsleofskye-laguna-beach-california,4626,"Laguna Beach, California | neohumanity",[],2017-11-12 12:28:03 GMT,https://tmblr.co/Z2DMYl2RwLAX3
lsleofskye-the-midnight-sun-in-northern-norway,2653,The midnight sun in Northern Norway | maxrivephotography,[],2017-11-12 12:14:02 GMT,https://tmblr.co/Z2DMYl2RwKCVS
lsleofskye-candy-islands-juusohd,4156,Candy Islands | juusohd,[],2017-11-12 12:00:04 GMT,https://tmblr.co/Z2DMYl2RwJDND
lsleofskye-space-giraffe,8694,space giraffe,[],2017-11-12 11:46:02 GMT,https://tmblr.co/Z2DMYl2RwIFGX
lsleofskye-untitled-benjhicks,15776,Untitled | benjhicks,[],2017-11-12 11:32:02 GMT,https://tmblr.co/Z2DMYl2RwHHvu
lsleofskye-eastern-screech-owl,5931,Eastern Screech Owl,[],2017-11-12 11:18:03 GMT,https://tmblr.co/Z2DMYl2RwGND5
lsleofskye-canyon-adnan-bubalo,10181,Canyon | Adnan Bubalo,[],2017-11-12 11:04:03 GMT,https://tmblr.co/Z2DMYl2RwFTjt
lsleofskye-the-enchanted-path-ebenphotos,3056,The enchanted path | eben.photos,[],2017-11-12 10:50:03 GMT,https://tmblr.co/Z2DMYl2RwEZX6
lsleofskye-untitled,7606,Untitled,[],2017-11-12 10:36:02 GMT,https://tmblr.co/Z2DMYl2RwDd9H
lsleofskye-4900ft-bengfuller,12709,4900ft | bengfuller,[],2017-11-12 10:22:03 GMT,https://tmblr.co/Z2DMYl2RwCi2x
